Hisse,Kapanis,Karar,Guc,OyOrani,Ensemble_cv_acc,Ensemble_secici_cv_acc,Ensemble_kapsam_pct,LogisticRegression_yon,LogisticRegression_guven,LogisticRegression_p_up,LogisticRegression_cv_acc,KNN_yon,KNN_guven,KNN_p_up,KNN_cv_acc,DecisionTree_yon,DecisionTree_guven,DecisionTree_p_up,DecisionTree_cv_acc,XGBoost_yon,XGBoost_guven,XGBoost_p_up,XGBoost_cv_acc,LightGBM_yon,LightGBM_guven,LightGBM_p_up,LightGBM_cv_acc
AKBNK,73.0,🟡 DOWN,2,42.7,52.4,54.0,83.8,1,52.2,52.2,55.7,1,60.0,60.0,53.8,0,81.9,18.1,53.3,0,61.7,38.3,51.9,0,68.6,31.4,53.4
ARCLK,88.94999694824219,⚪ NEUTRAL (düşük güven),1,51.7,53.8,55.9,84.3,0,61.5,38.5,55.2,1,55.6,55.6,57.1,0,54.8,45.2,55.2,0,55.5,44.5,56.6,1,71.7,71.7,56.1
ASELS,381.0,🟡 UP,2,55.4,54.8,55.7,83.8,0,50.6,49.4,54.8,0,60.0,40.0,47.6,1,66.7,66.7,56.2,1,51.8,51.8,53.4,1,50.7,50.7,56.1
BIMAS,432.25,🟡 DOWN,2,39.7,57.1,57.9,75.7,0,59.9,40.1,56.7,0,60.0,40.0,56.2,1,53.0,53.0,54.3,0,70.7,29.3,53.4,0,65.5,34.5,55.0
DOHOL,20.520000457763672,🟡 UP,2,56.3,54.3,53.4,69.5,0,50.4,49.6,54.8,1,53.8,53.8,51.9,1,70.1,70.1,52.9,1,54.1,54.1,53.4,1,69.6,69.6,50.8
EKGYO,20.020000457763672,⚪ NEUTRAL (düşük güven),1,46.1,49.5,51.1,67.1,0,56.8,43.2,48.1,0,55.2,44.8,53.8,0,59.1,40.9,52.9,1,51.2,51.2,54.0,0,69.8,30.2,51.9
EREGL,38.599998474121094,⚪ NEUTRAL (düşük güven),1,46.4,51.0,52.3,71.0,0,59.6,40.4,53.3,1,60.0,60.0,51.4,1,52.3,52.3,53.3,1,50.0,50.0,45.0,0,77.4,22.6,47.1
FROTO,79.05000305175781,🟡 DOWN,2,34.2,53.8,57.1,74.3,0,57.7,42.3,58.1,0,68.4,31.6,58.1,0,73.4,26.6,61.4,0,56.1,43.9,54.5,0,59.8,40.2,51.3
GARAN,133.89999389648438,🟡 UP,2,60.9,51.9,52.9,74.8,0,60.5,39.5,54.8,1,55.2,55.2,56.2,1,73.1,73.1,55.2,1,72.1,72.1,54.0,1,67.6,67.6,54.5
GUBRF,447.5,🟡 DOWN,2,36.1,49.5,52.1,66.7,0,60.0,40.0,51.9,0,63.6,36.4,51.9,0,69.6,30.4,55.2,0,56.3,43.7,54.5,0,64.9,35.1,54.5
HALKB,46.91999816894531,🟡 UP,2,55.3,44.3,45.7,55.2,0,54.9,45.1,50.5,1,51.7,51.7,51.4,1,67.4,67.4,51.9,0,54.6,45.4,51.3,1,53.1,53.1,46.6
ISCTR,13.520000457763672,🟡 DOWN,2,35.9,57.1,59.5,77.6,0,68.6,31.4,59.5,0,51.1,48.9,55.2,0,100.0,0.0,54.8,0,55.0,45.0,56.6,0,51.9,48.1,57.1
KCHOL,221.39999389648438,🟡 UP,2,60.2,54.8,56.1,58.6,0,63.1,36.9,51.4,0,57.4,42.6,56.7,1,91.3,91.3,53.8,1,63.2,63.2,50.3,1,62.6,62.6,51.9
KRDMD,46.34000015258789,🟡 UP,2,71.9,53.8,56.4,66.7,1,65.2,65.2,55.7,1,71.4,71.4,54.3,1,84.8,84.8,54.8,1,66.8,66.8,54.0,1,71.7,71.7,53.4
MGROS,533.5,⚪ NEUTRAL (düşük güven),1,46.7,51.9,53.2,66.2,0,60.5,39.5,49.0,0,68.4,31.6,53.8,1,60.1,60.1,54.3,0,55.1,44.9,51.9,0,57.3,42.7,49.7
ODAS,6.75,🟡 DOWN,2,34.3,48.1,48.2,78.1,0,53.6,46.4,48.1,0,53.7,46.3,51.4,0,80.0,20.0,50.5,1,57.4,57.4,49.7,0,75.8,24.2,51.3
PETKM,23.0,🟡 UP,2,61.6,53.8,52.4,69.0,1,53.2,53.2,53.3,0,52.4,47.6,51.0,1,84.6,84.6,50.5,1,57.2,57.2,53.4,1,76.2,76.2,52.9
PGSUS,151.1999969482422,🟡 DOWN,2,28.0,57.6,60.0,76.2,0,67.9,32.1,57.6,0,65.7,34.3,58.1,0,91.9,8.1,58.1,0,60.1,39.9,59.8,0,74.9,25.1,63.0
SAHOL,91.1500015258789,🟡 DOWN,2,37.9,51.4,50.9,78.6,1,53.2,53.2,53.3,0,71.6,28.4,53.3,0,68.8,31.2,52.9,0,52.7,47.3,47.6,0,67.5,32.5,46.0
SASA,2.319999933242798,⚪ NEUTRAL (düşük güven),1,49.3,52.4,52.9,81.9,0,55.8,44.2,55.2,0,60.3,39.7,58.1,1,72.5,72.5,53.3,1,55.0,55.0,52.9,1,52.3,52.3,54.0
SISE,40.619998931884766,🟡 UP,2,60.8,52.4,50.0,55.2,0,53.5,46.5,52.4,0,57.9,42.1,52.9,1,90.0,90.0,53.3,1,59.2,59.2,54.5,1,62.2,62.2,51.3
SOKM,57.599998474121094,🟡 DOWN,2,40.9,52.4,53.8,87.6,0,60.7,39.3,55.2,0,52.6,47.4,50.5,1,54.5,54.5,54.8,0,72.7,27.3,53.4,0,62.3,37.7,53.4
TAVHL,279.25,⚪ NEUTRAL (düşük güven),1,50.0,53.3,52.9,65.7,0,54.0,46.0,50.5,0,68.9,31.1,53.3,1,68.4,68.4,54.8,0,55.0,45.0,51.9,0,58.8,41.2,52.9
TCELL,100.69999694824219,🟡 UP,2,65.4,52.4,53.8,75.2,1,52.7,52.7,51.4,0,51.9,48.1,53.3,1,88.2,88.2,54.3,1,50.4,50.4,49.2,1,58.7,58.7,56.1
THYAO,299.0,⚪ NEUTRAL (düşük güven),1,47.1,53.3,53.9,79.5,0,55.0,45.0,57.6,0,64.6,35.4,58.1,1,54.6,54.6,55.2,1,54.1,54.1,57.1,1,51.2,51.2,55.6
TKFEN,258.75,🟡 UP,2,57.9,54.8,52.8,51.4,0,55.2,44.8,51.4,1,57.9,57.9,54.8,1,53.3,53.3,51.4,1,51.7,51.7,50.8,1,54.0,54.0,48.7
TOASO,279.25,🟡 UP,2,77.4,57.1,57.1,91.0,0,78.3,21.7,48.1,1,54.5,54.5,51.4,1,77.4,77.4,57.1,0,53.6,46.4,50.3,1,51.5,51.5,50.3
TUPRS,408.75,🟡 UP,2,56.1,54.3,58.1,64.8,1,60.0,60.0,57.1,1,62.9,62.9,58.1,0,90.0,10.0,53.8,1,56.0,56.0,56.6,1,71.1,71.1,56.1
