Hisse,Ticker,Gun,Sinyal,Close_Egim,Hacim_Egim,Fisher_Egim,Fisher_Pozitif,Fisher_Negatif,Close_15,Close_16,Close_17,Volume_15,Volume_16,Volume_17,Fisher_15,Fisher_16,Fisher_17
AKBNK,AKBNK.IS,2026-06-26,-,0.12500000000002306,4309862.500000003,0.29726914882892275,False,False,76.94999694824219,76.80000305175781,77.19999694824219,4085965,9523179,12705690,-4.11673612450176,-4.516728560154371,-3.5221978268439122
ARCLK,ARCLK.IS,2026-06-26,-,0.3499984741210952,-118125.99999999993,0.12752902551596185,True,False,103.4000015258789,103.30000305175781,104.0999984741211,615985,345972,379733,1.2789609649349427,1.3629677114721988,1.5340190159668659
ASELS,ASELS.IS,2026-06-26,SHORT,-0.9999999999999905,1185066.5000000002,-0.41456619406126155,False,True,362.5,355.25,360.5,4149084,6961794,6519217,-2.905860181497491,-3.3225176821141824,-3.734992569620013
BIMAS,BIMAS.IS,2026-06-26,-,1.1250000000000464,-130600.99999999991,-0.17391919232843617,False,False,370.75,370.25,373.0,1365893,1235649,1104691,-1.5958281263260536,-1.9731960870710326,-1.9436665109829256
DOHOL,DOHOL.IS,2026-06-26,-,0.09000015258789376,746971.0000000001,-0.011208407185887802,False,False,21.0,21.1200008392334,21.18000030517578,535024,817614,2028966,1.5237107277965274,1.493109121557185,1.5012939134247518
EKGYO,EKGYO.IS,2026-06-26,LONG,0.03999996185302623,3578874.500000001,0.7895234003927775,True,False,20.84000015258789,20.81999969482422,20.920000076293945,4651082,5920312,11808831,-2.949908817871677,-2.4141334261305305,-1.3708620170861217
EREGL,EREGL.IS,2026-06-26,LONG,0.43000030517577953,9226824.500000006,0.28109413731570093,True,False,41.279998779296875,41.34000015258789,42.13999938964844,16183867,21311941,34637516,0.7519559041421402,0.9607377690669836,1.3141441787735415
FROTO,FROTO.IS,2026-06-26,-,0.15000152587893073,432865.00000000006,0.12418771701348809,False,False,86.0,86.0999984741211,86.30000305175781,973891,1648008,1839621,-3.3297790419867592,-3.7072196583392776,-3.081403607959782
GARAN,GARAN.IS,2026-06-26,-,0.25000000000000816,726570.5000000001,0.1710248467478707,False,False,137.8000030517578,137.5,138.3000030517578,1027248,1611488,2480389,-2.970389021095717,-3.160994924589588,-2.628339327599975
GUBRF,GUBRF.IS,2026-06-26,SHORT,-0.6249999999999181,13661.000000000036,-0.44821442316011867,False,True,482.0,478.0,480.75,204701,331864,232023,0.6749287994212239,0.08058544403477286,-0.22150004689901354
HALKB,HALKB.IS,2026-06-26,LONG,0.21999931335450376,4113860.5000000014,0.2365193763606947,True,False,43.70000076293945,43.599998474121094,44.13999938964844,2370724,4116256,10598445,0.1895384398634532,0.3061543133889434,0.6625771925848425
ISCTR,ISCTR.IS,2026-06-26,-,0.05999994277954188,12085859.000000006,0.3260695151223294,False,False,14.630000114440918,14.630000114440918,14.75,19775423,31002366,43947141,-2.990662618384392,-3.356951849364183,-2.338523588139732
KCHOL,KCHOL.IS,2026-06-26,-,0.5499954223632976,430198.00000000023,-0.15670166303719812,False,True,196.8000030517578,197.1999969482422,197.89999389648438,762466,906256,1622862,1.1450210180316986,0.8445644969125587,0.8316176919573026
KRDMD,KRDMD.IS,2026-06-26,LONG,0.460000991821292,4046232.0000000014,0.6584158508689125,True,False,39.599998474121094,39.65999984741211,40.52000045776367,4165058,13416114,12257522,-2.521618569504699,-2.129083898486923,-1.2047868677668734
MGROS,MGROS.IS,2026-06-26,-,1.750000000000082,61719.00000000004,0.08673210841551002,False,False,684.0,684.0,687.5,103521,109310,226959,-3.044334698067246,-3.4589193854942977,-2.870870481236225
ODAS,ODAS.IS,2026-06-26,SHORT,-0.01999998092651359,2283560.500000001,-0.20816779659644122,False,True,8.460000038146973,8.34000015258789,8.420000076293945,6097621,8683845,10664742,-0.8169075376762982,-0.9737583685749288,-1.2332431308691802
PETKM,PETKM.IS,2026-06-26,LONG,0.04500007629394459,934016.0000000005,0.6225684703855071,True,False,19.450000762939453,19.450000762939453,19.540000915527344,2390467,2831199,4258499,-0.05919196544603622,0.6080111036939118,1.1859449753249778
PGSUS,PGSUS.IS,2026-06-26,-,0.9000015258789187,518597.5,-0.09288124491372016,False,False,178.1999969482422,177.6999969482422,180.0,938999,1353686,1976194,-1.712994416206098,-2.179045541035008,-1.8987569060335376
SAHOL,SAHOL.IS,2026-06-26,-,-0.04999923706053171,617026.5000000003,0.25746771570729676,False,False,97.3499984741211,97.19999694824219,97.25,1328704,2328461,2562757,-4.083050248658935,-4.48802717558974,-3.5681148172443407
SASA,SASA.IS,2026-06-26,-,0.009999990463257447,127988426.00000001,0.3274376840328972,False,False,2.509999990463257,2.5,2.5299999713897705,123835897,356458643,379812749,-3.2134648528834617,-3.584419937610319,-2.5585894848176673
SISE,SISE.IS,2026-06-26,LONG,0.3399982452392645,4178172.000000002,0.56200682082396,True,False,44.58000183105469,44.599998474121094,45.2599983215332,3329765,5167237,11686109,-0.8982093886175494,-0.36425326895379145,0.2258042530303702
SOKM,SOKM.IS,2026-06-26,-,0.03999900817871423,100382.00000000006,0.042876242195953936,False,False,46.84000015258789,46.79999923706055,46.91999816894531,264894,519119,465658,-2.2856670284018934,-2.3492876311599407,-2.199914544009985
TAVHL,TAVHL.IS,2026-06-26,SHORT,-0.8750000000000044,36388.50000000005,-0.3667054041194373,False,True,284.75,283.5,283.0,344908,298892,417685,-1.793984163374673,-2.1404064219142986,-2.527394971613547
TCELL,TCELL.IS,2026-06-26,-,0.1500015258789084,917538.0000000002,0.022352212205141875,False,False,110.5,110.4000015258789,110.80000305175781,890932,1996331,2726008,-0.28962632310312203,-0.4265707403197131,-0.24492189869283815
THYAO,THYAO.IS,2026-06-26,-,0.5000000000000451,911687.0000000006,-0.3230178489262715,False,True,329.25,329.5,330.25,2560491,4861480,4383865,0.2531134806705815,-0.25316038202592883,-0.39292221718196146
TKFEN,TKFEN.IS,2026-06-26,-,-0.20000457763670396,-645184.0000000001,0.33283449086445205,True,False,142.10000610351562,140.6999969482422,141.6999969482422,2163077,732063,872709,1.6196156868570357,2.003503497242844,2.2852846685859394
TOASO,TOASO.IS,2026-06-26,SHORT,-2.1249999999999774,183851.5000000001,-0.3528930449381069,False,True,329.0,327.25,324.75,327250,243150,694953,-2.5974941310684896,-2.930342755113177,-3.303280220944703
TUPRS,TUPRS.IS,2026-06-26,LONG,0.4000015258789047,314477.0000000002,0.3323112402122895,True,False,218.39999389648438,219.10000610351562,219.1999969482422,886994,1655093,1515948,0.5765174157382077,0.923699589501024,1.2411398961627864
YKBNK,YKBNK.IS,2026-06-26,-,0.04999923706055675,6182713.000000002,0.017060051282582454,False,False,40.540000915527344,40.439998626708984,40.63999938964844,9884697,14866455,22250123,-1.5608944331837882,-1.7622103654827908,-1.5267743306186228
